"node_id","node_type","layer","label","degree","weighted_degree","in_degree","out_degree","betweenness_centrality","eigenvector_centrality","component_id"
"MEX_ACTOR_SS_001","actor","institutional_actor_layer","Secretaría de Salud","59","90.5","55","4","0.001222","0.00556","0"
"MEX_ACTOR_CSG_001","actor","institutional_actor_layer","Consejo de Salubridad General","4","7.5","2","2","2.5e-05","0.000237","0"
"MEX_ACTOR_DGE_001","actor","institutional_actor_layer","Dirección General de Epidemiología","5","8.0","4","1","0.0","0.000405","0"
"MEX_ACTOR_COFEPRIS_001","actor","institutional_actor_layer","Comisión Federal para la Protección contra Riesgos Sanitarios (COFEPRIS)","1","2.0","0","1","0.0","1e-06","0"
"MEX_ACTOR_CENAPRECE_001","actor","institutional_actor_layer","Centro Nacional de Programas Preventivos y Control de Enfermedades (CENAPRECE)","1","2.0","0","1","0.0","1e-06","0"
"MEX_ACTOR_SRE_001","actor","institutional_actor_layer","Secretaría de Relaciones Exteriores","3","5.5","1","2","6e-06","0.000102","0"
"MEX_ACTOR_SEGOB_001","actor","institutional_actor_layer","Secretaría de Gobernación","1","2.0","0","1","0.0","1e-06","0"
"MEX_ACTOR_INM_001","actor","institutional_actor_layer","Instituto Nacional de Migración","1","2.0","0","1","0.0","1e-06","0"
"MEX_ACTOR_PORTS_AIRPORTS_001","actor","institutional_actor_layer","Autoridades portuarias y aeroportuarias (puntos de entrada)","1","2.0","0","1","0.0","1e-06","0"
"MEX_ACTOR_STATES_001","actor","institutional_actor_layer","Entidades federativas (gobiernos estatales — 32 entidades)","3","6.0","1","2","6e-06","0.000136","0"
"MEX_ACTOR_CONGRESS_001","actor","institutional_actor_layer","Congreso de la Unión","7","11.5","6","1","2.5e-05","0.000641","0"
"MEX_ACTOR_CHAMBER_DEPUTIES_001","actor","institutional_actor_layer","Cámara de Diputados","2","3.5","1","1","6e-06","0.000102","0"
"MEX_ACTOR_SENATE_001","actor","institutional_actor_layer","Senado de la República","1","2.0","0","1","0.0","1e-06","0"
"MEX_ACTOR_ASF_001","actor","institutional_actor_layer","Auditoría Superior de la Federación","2","4.0","0","2","0.0","1e-06","0"
"MEX_ACTOR_CNDH_001","actor","institutional_actor_layer","Comisión Nacional de los Derechos Humanos (CNDH)","1","2.0","0","1","0.0","1e-06","0"
"MEX_ACTOR_INAI_001","actor","institutional_actor_layer","Instituto Nacional de Transparencia, Acceso a la Información y Protección de Datos Personales (INAI) / Transparencia para el Pueblo","3","6.0","0","3","0.0","1e-06","0"
"MEX_ACTOR_SNSP_001","actor","institutional_actor_layer","Dirección General del Servicio Nacional de Salud Pública (SNSP)","1","2.0","0","1","0.0","1e-06","0"
"MEX_ACTOR_DGRI_001","actor","institutional_actor_layer","Dirección General de Relaciones Internacionales (DGRI)","1","2.0","0","1","0.0","1e-06","0"
"MEX-001","legal_instrument","domestic_legal_layer","Ley aprobación tratados materia económica","5","5.0","5","0","0.0","0.000338","0"
"MEX-002","legal_instrument","domestic_legal_layer","Ley General de Salud","23","28.0","23","0","0.0","0.446615","0"
"MEX-003","legal_instrument","domestic_legal_layer","Ley celebración de tratados","5","5.0","5","0","0.0","0.000338","0"
"MEX-004","legal_instrument","domestic_legal_layer","CPEUM latest reform 2026-04-23","22","32.0","22","0","0.0","0.510056","0"
"MEX-005","legal_instrument","domestic_legal_layer","LFPA","2","2.0","2","0","0.0","0.000136","1"
"MEX-006","legal_instrument","domestic_legal_layer","LFPRH","5","6.0","5","0","0.0","0.000405","0"
"MEX-007","legal_instrument","domestic_legal_layer","LGPDPPSO","3","4.0","3","0","0.0","0.00027","0"
"MEX-008","legal_instrument","domestic_legal_layer","LGTAIP","3","4.0","3","0","0.0","0.00027","0"
"MEX-009","legal_instrument","domestic_legal_layer","LOAPF","9","13.0","9","0","0.0","0.425389","0"
"MEX-010","legal_instrument","domestic_legal_layer","Ley de Planeación","4","4.0","4","0","0.0","0.00027","0"
"MEX-011","legal_instrument","domestic_legal_layer","LICal","2","2.0","2","0","0.0","0.000136","0"
"MEX-012","legal_instrument","domestic_legal_layer","NOM-017 vigilancia epidemiológica","5","5.0","5","0","0.0","0.000338","0"
"MEX-013","legal_instrument","domestic_legal_layer","Reforma Comisión Compendio Nacional de Insumos 2023","0","0","0","0","0.0","1e-06","2"
"MEX-014","legal_instrument","domestic_legal_layer","Reforma Reglamento Interior Secretaría de Salud 2018","0","0","0","0","0.0","1e-06","3"
"MEX-015","legal_instrument","domestic_legal_layer","Reglamento LGS investigación para la salud","10","10.0","10","0","0.0","0.000675","0"
"MEX-016","legal_instrument","domestic_legal_layer","Reglamento LGS sanidad internacional","20","20.0","20","0","0.0","0.001349","0"
"MEX-017","legal_instrument","domestic_legal_layer","Reglamento Interior SS 2025","14","19.0","14","0","0.0","0.448535","0"
"MEX-018","legal_instrument","domestic_legal_layer","Ley Aduanera","5","5.0","5","0","0.0","0.000338","0"
"MEX_PROV_CPEUM_ART001_001","domestic_provision","domestic_legal_layer","Constitución Política de los Estados Uni Art. 1o.","3","2.8","0","3","0.0","1e-06","0"
"MEX_PROV_CPEUM_ART004_001","domestic_provision","domestic_legal_layer","Constitución Política de los Estados Uni Art. 4o., párrafo 4 (derecho a la protección de la salud)","1","1.0","0","1","0.0","1e-06","0"
"MEX_PROV_CPEUM_ART011_001","domestic_provision","domestic_legal_layer","Constitución Política de los Estados Uni Art. 11, párrafo 1","1","1.0","0","1","0.0","1e-06","0"
"MEX_PROV_CPEUM_ART014_001","domestic_provision","domestic_legal_layer","Constitución Política de los Estados Uni Art. 14, párrafos 1-2","3","2.8","0","3","0.0","1e-06","0"
"MEX_PROV_CPEUM_ART016_001","domestic_provision","domestic_legal_layer","Constitución Política de los Estados Uni Art. 16, párrafos 1-2","2","1.9","0","2","0.0","1e-06","0"
"MEX_PROV_CPEUM_ART029_001","domestic_provision","domestic_legal_layer","Constitución Política de los Estados Uni Art. 29","2","2.5","0","2","0.0","1e-06","0"
"MEX_PROV_CPEUM_ART073_001","domestic_provision","domestic_legal_layer","Constitución Política de los Estados Uni Art. 73, fracción XVI y bases 1a–4a","2","2.5","0","2","0.0","1e-06","0"
"MEX_PROV_CPEUM_ART076_001","domestic_provision","domestic_legal_layer","Constitución Política de los Estados Uni Art. 76, fracción I","1","1.0","0","1","0.0","1e-06","0"
"MEX_PROV_CPEUM_ART089_001","domestic_provision","domestic_legal_layer","Constitución Política de los Estados Uni Art. 89, fracciones I y X","1","1.0","0","1","0.0","1e-06","0"
"MEX_PROV_CPEUM_ART090_001","domestic_provision","domestic_legal_layer","Constitución Política de los Estados Uni Art. 90","2","3.0","0","2","0.0","1e-06","0"
"MEX_PROV_CPEUM_ART124_001","domestic_provision","domestic_legal_layer","Constitución Política de los Estados Uni Art. 124","2","3.0","0","2","0.0","1e-06","0"
"MEX_PROV_CPEUM_ART133_001","domestic_provision","domestic_legal_layer","Constitución Política de los Estados Uni Art. 133","1","1.0","0","1","0.0","1e-06","0"
"MEX_PROV_LSCT_ART001_001","domestic_provision","domestic_legal_layer","Ley sobre la Celebración de Tratados Art. 1o.","1","1.0","0","1","0.0","1e-06","0"
"MEX_PROV_LSCT_ART002_001","domestic_provision","domestic_legal_layer","Ley sobre la Celebración de Tratados Art. 2o., fracciones I y II","1","1.0","0","1","0.0","1e-06","0"
"MEX_PROV_LSCT_ART004_001","domestic_provision","domestic_legal_layer","Ley sobre la Celebración de Tratados Art. 4o.","1","1.0","0","1","0.0","1e-06","0"
"MEX_PROV_LSCT_ART006_001","domestic_provision","domestic_legal_layer","Ley sobre la Celebración de Tratados Art. 6o.","1","1.0","0","1","0.0","1e-06","0"
"MEX_PROV_LSCT_ART007_001","domestic_provision","domestic_legal_layer","Ley sobre la Celebración de Tratados Art. 7o.","2","2.5","0","2","0.0","1e-06","0"
"MEX_PROV_LGS_ART001_001","domestic_provision","domestic_legal_layer","Ley General de Salud Art. 1o.","2","2.5","0","2","0.0","1e-06","0"
"MEX_PROV_LGS_ART003_001","domestic_provision","domestic_legal_layer","Ley General de Salud Art. 3o., fracciones XV, XXVII","2","2.0","0","2","0.0","1e-06","0"
"MEX_PROV_LGS_ART004_001","domestic_provision","domestic_legal_layer","Ley General de Salud Art. 4o.","2","2.5","0","2","0.0","1e-06","0"
"MEX_PROV_LGS_ART007_001","domestic_provision","domestic_legal_layer","Ley General de Salud Art. 7o., fracciones I, V, VIII, IX, XIV","2","2.5","0","2","0.0","1e-06","0"
"MEX_PROV_LGS_ART009BIS_001","domestic_provision","domestic_legal_layer","Ley General de Salud Art. 9o. Bis","1","1.0","0","1","0.0","1e-06","0"
"MEX_PROV_LGS_ART013_001","domestic_provision","domestic_legal_layer","Ley General de Salud Art. 13, Apartados A y B","2","2.5","0","2","0.0","1e-06","0"
"MEX_PROV_LGS_ART015_001","domestic_provision","domestic_legal_layer","Ley General de Salud Art. 15","2","2.5","0","2","0.0","1e-06","0"
"MEX_PROV_LGS_ART017_001","domestic_provision","domestic_legal_layer","Ley General de Salud Art. 17, fracciones III, IV, V, VII","2","2.5","0","2","0.0","1e-06","0"
"MEX_PROV_LGS_ART017BIS_001","domestic_provision","domestic_legal_layer","Ley General de Salud Art. 17 Bis, fracción IX","3","4.3","0","3","0.0","1e-06","0"
"MEX_PROV_LGS_ART134_001","domestic_provision","domestic_legal_layer","Ley General de Salud Art. 134, fracciones I-XIV","5","6.1","0","5","0.0","1e-06","0"
"MEX_PROV_LGS_ART136_001","domestic_provision","domestic_legal_layer","Ley General de Salud Art. 136, fracciones I-IV","6","7.7","0","6","0.0","1e-06","0"
"MEX_PROV_LGS_ART139_001","domestic_provision","domestic_legal_layer","Ley General de Salud Art. 139, fracciones I-VIII","6","6.9","0","6","0.0","1e-06","0"
"MEX_PROV_LGS_ART146_001","domestic_provision","domestic_legal_layer","Ley General de Salud Art. 146","3","3.7","0","3","0.0","1e-06","0"
"MEX_PROV_LGS_ART181_001","domestic_provision","domestic_legal_layer","Ley General de Salud Art. 181","6","6.9","0","6","0.0","1e-06","0"
"MEX_PROV_LGS_ART184_001","domestic_provision","domestic_legal_layer","Ley General de Salud Art. 184, fracciones I-V","5","5.7","0","5","0.0","1e-06","0"
"MEX_PROV_LGS_ART351_001","domestic_provision","domestic_legal_layer","Ley General de Salud Art. 351","2","2.5","0","2","0.0","1e-06","0"
"MEX_PROV_LGS_ART352_001","domestic_provision","domestic_legal_layer","Ley General de Salud Art. 352","5","7.3","0","5","0.0","1e-06","0"
"MEX_PROV_LGS_ART359_001","domestic_provision","domestic_legal_layer","Ley General de Salud Art. 359","3","3.3","0","3","0.0","1e-06","0"
"MEX_PROV_LOAPF_ART001_001","domestic_provision","domestic_legal_layer","Ley Orgánica de la Administración Públic Artículo 1o.","1","1.0","0","1","0.0","1e-06","0"
"MEX_PROV_LOAPF_ART026_001","domestic_provision","domestic_legal_layer","Ley Orgánica de la Administración Públic Artículo 26","2","3.0","0","2","0.0","1e-06","0"
"MEX_PROV_LOAPF_ART028_001","domestic_provision","domestic_legal_layer","Ley Orgánica de la Administración Públic Artículo 28","3","3.7","0","3","0.0","1e-06","0"
"MEX_PROV_LOAPF_ART039_001","domestic_provision","domestic_legal_layer","Ley Orgánica de la Administración Públic Artículo 39","2","2.5","0","2","0.0","1e-06","0"
"MEX_PROV_LOAPF_ART039_002","domestic_provision","domestic_legal_layer","Ley Orgánica de la Administración Públic Artículo 39","2","2.5","0","2","0.0","1e-06","0"
"MEX_PROV_RISI_ART001_001","domestic_provision","domestic_legal_layer","Reglamento de la Ley General de Salud en Artículo 1o.","2","2.5","0","2","0.0","1e-06","0"
"MEX_PROV_RISI_ART002_001","domestic_provision","domestic_legal_layer","Reglamento de la Ley General de Salud en Artículo 2o.","2","2.5","0","2","0.0","1e-06","0"
"MEX_PROV_RISI_ART003_001","domestic_provision","domestic_legal_layer","Reglamento de la Ley General de Salud en Artículo 3o.","3","3.1","0","3","0.0","1e-06","0"
"MEX_PROV_RISI_ART006_001","domestic_provision","domestic_legal_layer","Reglamento de la Ley General de Salud en Artículo 6o.","3","3.9","0","3","0.0","1e-06","0"
"MEX_PROV_RISI_ART011_001","domestic_provision","domestic_legal_layer","Reglamento de la Ley General de Salud en Artículo 11","2","2.5","0","2","0.0","1e-06","0"
"MEX_PROV_RISI_ART012_001","domestic_provision","domestic_legal_layer","Reglamento de la Ley General de Salud en Artículo 12","1","1.0","0","1","0.0","1e-06","0"
"MEX_PROV_RISI_ART014_001","domestic_provision","domestic_legal_layer","Reglamento de la Ley General de Salud en Artículo 14","3","4.9","0","3","0.0","1e-06","0"
"MEX_PROV_NOM017_SEC311_001","domestic_provision","domestic_legal_layer","NOM-017-SSA2-2012, Para la vigilancia ep Numeral 3.1.11–3.1.12","3","3.4","0","3","0.0","1e-06","0"
"MEX_PROV_NOM017_SEC3115_001","domestic_provision","domestic_legal_layer","NOM-017-SSA2-2012, Para la vigilancia ep Numeral 3.1.14–3.1.15","1","1.0","0","1","0.0","1e-06","0"
"MEX_PROV_NOM017_SEC42_001","domestic_provision","domestic_legal_layer","NOM-017-SSA2-2012, Para la vigilancia ep Numeral 4.2–4.3","4","4.3","0","4","0.0","1e-06","0"
"MEX_PROV_NOM017_SEC45_001","domestic_provision","domestic_legal_layer","NOM-017-SSA2-2012, Para la vigilancia ep Numeral 4.5","2","3.0","0","2","0.0","1e-06","0"
"MEX_PROV_NOM017_SEC661_001","domestic_provision","domestic_legal_layer","NOM-017-SSA2-2012, Para la vigilancia ep Numeral 6.6.1–6.6.2","4","4.0","0","4","0.0","1e-06","0"
"MEX_PROV_LFPA_ART001_001","domestic_provision","domestic_legal_layer","Ley Federal de Procedimiento Administrat Artículo 1","1","1.0","0","1","0.0","1e-06","1"
"MEX_PROV_LFPA_ART002_001","domestic_provision","domestic_legal_layer","Ley Federal de Procedimiento Administrat Artículo 2","1","1.0","0","1","0.0","1e-06","1"
"MEX_PROV_LGPDPPSO_ART001_001","domestic_provision","domestic_legal_layer","Ley General de Protección de Datos Perso Artículo 1","1","1.0","0","1","0.0","1e-06","0"
"MEX_PROV_LGPDPPSO_ART016_001","domestic_provision","domestic_legal_layer","Ley General de Protección de Datos Perso Artículo 16","2","3.4","0","2","0.0","1e-06","0"
"MEX_PROV_LGTAIP_ART001_001","domestic_provision","domestic_legal_layer","Ley General de Transparencia y Acceso a  Artículo 1","1","1.0","0","1","0.0","1e-06","0"
"MEX_PROV_LGTAIP_ART002_001","domestic_provision","domestic_legal_layer","Ley General de Transparencia y Acceso a  Artículo 2","1","1.0","0","1","0.0","1e-06","0"
"MEX_PROV_LICAL_ART001_001","domestic_provision","domestic_legal_layer","Ley de Infraestructura de la Calidad Artículo 1","1","1.0","0","1","0.0","1e-06","0"
"MEX_PROV_LICAL_ART010_001","domestic_provision","domestic_legal_layer","Ley de Infraestructura de la Calidad Artículo 10","2","3.0","0","2","0.0","1e-06","0"
"MEX-017-art02-estructuraadm","domestic_provision","domestic_legal_layer","Reglamento Interior de la Secretaría de  Art. 2","3","3.1","0","3","0.0","1e-06","0"
"MEX-017-art35-fraccXIX","domestic_provision","domestic_legal_layer","Reglamento Interior de la Secretaría de  Art. 35, frac. XIX","9","7.5","0","9","0.0","1e-06","0"
"MEX-017-art35-fraccX","domestic_provision","domestic_legal_layer","Reglamento Interior de la Secretaría de  Art. 35, frac. X","3","3.7","0","3","0.0","1e-06","0"
"MEX-017-art35-fraccVII","domestic_provision","domestic_legal_layer","Reglamento Interior de la Secretaría de  Art. 35, frac. VII","2","2.5","0","2","0.0","1e-06","0"
"MEX-017-art35-fraccVI","domestic_provision","domestic_legal_layer","Reglamento Interior de la Secretaría de  Art. 35, frac. VI","2","2.5","0","2","0.0","1e-06","0"
"MEX-017-art33-fraccI-IV","domestic_provision","domestic_legal_layer","Reglamento Interior de la Secretaría de  Art. 33, fracs. I-IV","3","2.5","0","3","0.0","1e-06","0"
"MEX-017-art43-fraccIX","domestic_provision","domestic_legal_layer","Reglamento Interior de la Secretaría de  Art. 43, frac. IX","3","3.4","0","3","0.0","1e-06","0"
"MEX-017-art52-fraccIX","domestic_provision","domestic_legal_layer","Reglamento Interior de la Secretaría de  Art. 52, frac. IX","1","1.0","0","1","0.0","1e-06","0"
"MEX-017-art26-fraccI-II","domestic_provision","domestic_legal_layer","Reglamento Interior de la Secretaría de  Art. 26, fracs. I-II","1","1.0","0","1","0.0","1e-06","0"
"MEX_PROV_LATIME_ART001_001","domestic_provision","domestic_legal_layer","Ley sobre la Aprobación de Tratados Inte Art. 1","2","2.5","0","2","0.0","1e-06","0"
"MEX_PROV_LATIME_ART003_001","domestic_provision","domestic_legal_layer","Ley sobre la Aprobación de Tratados Inte Art. 3","2","2.5","0","2","0.0","1e-06","0"
"MEX_PROV_LATIME_ART004_001","domestic_provision","domestic_legal_layer","Ley sobre la Aprobación de Tratados Inte Art. 4, fracción IV","2","2.5","0","2","0.0","1e-06","0"
"MEX_PROV_LATIME_ART005_001","domestic_provision","domestic_legal_layer","Ley sobre la Aprobación de Tratados Inte Art. 5","2","2.5","0","2","0.0","1e-06","0"
"MEX_PROV_LATIME_ART009_001","domestic_provision","domestic_legal_layer","Ley sobre la Aprobación de Tratados Inte Art. 9","1","1.0","0","1","0.0","1e-06","0"
"MEX_PROV_LFPRH_ART001_001","domestic_provision","domestic_legal_layer","Ley Federal de Presupuesto y Responsabil Art. 1","1","1.0","0","1","0.0","1e-06","0"
"MEX_PROV_LFPRH_ART004_001","domestic_provision","domestic_legal_layer","Ley Federal de Presupuesto y Responsabil Art. 4","2","2.5","0","2","0.0","1e-06","0"
"MEX_PROV_LFPRH_ART006_001","domestic_provision","domestic_legal_layer","Ley Federal de Presupuesto y Responsabil Art. 6","1","1.0","0","1","0.0","1e-06","0"
"MEX_PROV_LFPRH_ART024_001","domestic_provision","domestic_legal_layer","Ley Federal de Presupuesto y Responsabil Art. 24","2","2.5","0","2","0.0","1e-06","0"
"MEX_PROV_LPLAN_ART001_001","domestic_provision","domestic_legal_layer","Ley de Planeación Art. 1","1","1.0","0","1","0.0","1e-06","0"
"MEX_PROV_LPLAN_ART002_001","domestic_provision","domestic_legal_layer","Ley de Planeación Art. 2, fracción IV","1","1.0","0","1","0.0","1e-06","0"
"MEX_PROV_LPLAN_ART009_001","domestic_provision","domestic_legal_layer","Ley de Planeación Art. 9","2","2.5","0","2","0.0","1e-06","0"
"MEX_PROV_LPLAN_ART021_001","domestic_provision","domestic_legal_layer","Ley de Planeación Art. 21, párrafo 4","2","2.5","0","2","0.0","1e-06","0"
"MEX_PROV_RLGS_INV_ART001_001","domestic_provision","domestic_legal_layer","Reglamento de la Ley General de Salud en Art. 1","2","2.0","0","2","0.0","1e-06","0"
"MEX_PROV_RLGS_INV_ART003_001","domestic_provision","domestic_legal_layer","Reglamento de la Ley General de Salud en Art. 3","2","2.0","0","2","0.0","1e-06","0"
"MEX_PROV_RLGS_INV_ART005_001","domestic_provision","domestic_legal_layer","Reglamento de la Ley General de Salud en Art. 5","2","2.5","0","2","0.0","1e-06","0"
"MEX_PROV_RLGS_INV_ART007_001","domestic_provision","domestic_legal_layer","Reglamento de la Ley General de Salud en Art. 7","2","2.5","0","2","0.0","1e-06","0"
"MEX_PROV_RLGS_INV_ART011_001","domestic_provision","domestic_legal_layer","Reglamento de la Ley General de Salud en Art. 11","3","3.3","0","3","0.0","1e-06","0"
"MEX_PROV_RLGS_INV_ART013_001","domestic_provision","domestic_legal_layer","Reglamento de la Ley General de Salud en Art. 13","1","1.0","0","1","0.0","1e-06","0"
"MEX_PROV_RLGS_INV_ART014_001","domestic_provision","domestic_legal_layer","Reglamento de la Ley General de Salud en Art. 14","2","2.5","0","2","0.0","1e-06","0"
"MEX_PROV_RLGS_INV_ART016_001","domestic_provision","domestic_legal_layer","Reglamento de la Ley General de Salud en Art. 16","1","1.0","0","1","0.0","1e-06","0"
"MEX_PROV_RLGS_INV_ART020_001","domestic_provision","domestic_legal_layer","Reglamento de la Ley General de Salud en Art. 20","1","1.0","0","1","0.0","1e-06","0"
"MEX_PROV_RLGS_INV_ART099_001","domestic_provision","domestic_legal_layer","Reglamento de la Ley General de Salud en Art. 99","2","2.5","0","2","0.0","1e-06","0"
"MEX_PROV_RISS2025_ART005_001","domestic_provision","domestic_legal_layer","Reglamento de la Ley General de Salud en Art. 5","2","2.0","0","2","0.0","1e-06","0"
"MEX_PROV_RISS2025_ART009_001","domestic_provision","domestic_legal_layer","Reglamento de la Ley General de Salud en Art. 9","5","5.2","0","5","0.0","1e-06","0"
"MEX_PROV_RISS2025_ART010_001","domestic_provision","domestic_legal_layer","Reglamento de la Ley General de Salud en Art. 10","4","4.6","0","4","0.0","1e-06","0"
"MEX_PROV_RISS2025_ART013_001","domestic_provision","domestic_legal_layer","Reglamento de la Ley General de Salud en Art. 13","2","2.5","0","2","0.0","1e-06","0"
"MEX_PROV_RISS2025_ART015_001","domestic_provision","domestic_legal_layer","Reglamento de la Ley General de Salud en Art. 15","2","2.5","0","2","0.0","1e-06","0"
"MEX_PROV_RISS2025_ART017_001","domestic_provision","domestic_legal_layer","Reglamento de la Ley General de Salud en Art. 17","2","2.5","0","2","0.0","1e-06","0"
"MEX_PROV_RISS2025_ART026_001","domestic_provision","domestic_legal_layer","Reglamento de la Ley General de Salud en Art. 26","5","5.5","0","5","0.0","1e-06","0"
"MEX_PROV_RISS2025_ART027_001","domestic_provision","domestic_legal_layer","Reglamento de la Ley General de Salud en Art. 27","3","3.7","0","3","0.0","1e-06","0"
"MEX_PROV_RISS2025_ART044_001","domestic_provision","domestic_legal_layer","Reglamento de la Ley General de Salud en Art. 44","6","5.5","0","6","0.0","1e-06","0"
"MEX_PROV_RISS2025_ART068_001","domestic_provision","domestic_legal_layer","Reglamento de la Ley General de Salud en Art. 68","4","4.8","0","4","0.0","1e-06","0"
"MEX_PROV_RISS2025_ART069_001","domestic_provision","domestic_legal_layer","Reglamento de la Ley General de Salud en Art. 69","6","6.1","0","6","0.0","1e-06","0"
"MEX_PROV_RISS2025_ART070_001","domestic_provision","domestic_legal_layer","Reglamento de la Ley General de Salud en Art. 70","4","4.3","0","4","0.0","1e-06","0"
"MEX_PROV_RISS2025_ART078_001","domestic_provision","domestic_legal_layer","Reglamento de la Ley General de Salud en Arts. 78-79","2","2.5","0","2","0.0","1e-06","0"
"MEX_PROV_LADUANERA_ART001_001","domestic_provision","domestic_legal_layer","Ley Aduanera Art. 1o.","1","1.0","0","1","0.0","1e-06","0"
"MEX_PROV_LADUANERA_ART003_001","domestic_provision","domestic_legal_layer","Ley Aduanera Art. 3o.","2","1.6","0","2","0.0","1e-06","0"
"MEX_PROV_LADUANERA_ART004_001","domestic_provision","domestic_legal_layer","Ley Aduanera Art. 4o.","1","1.0","0","1","0.0","1e-06","0"
"MEX_PROV_LADUANERA_ART007_001","domestic_provision","domestic_legal_layer","Ley Aduanera Art. 7o.","2","1.8","0","2","0.0","1e-06","0"
"MEX_PROV_LADUANERA_ART056_001","domestic_provision","domestic_legal_layer","Ley Aduanera Art. 56, párrafo 4 (regulaciones y restricciones no arancelarias / sanidad)","3","3.1","0","3","0.0","1e-06","0"
"IHR-OBL-001","ihr2005_obligation","international_normative_layer","IHR Art. 4 — Responsible authorities","11","14.7","8","3","0.00013","0.000789","0"
"DOM_CC2___COORDINATION_AND_NFP_COMMUNICATIONS","implementation_domain","analytical_assessment_layer","CC2 – Coordination and NFP communications","1","1.0","1","0","0.0","0.029633","0"
"DOM_CC1___NATIONAL_LEGISLATION","implementation_domain","analytical_assessment_layer","CC1 – National legislation","7","7.0","7","0","0.0","0.11216","0"
"IHR-OBL-002","ihr2005_obligation","international_normative_layer","IHR Art. 5(1) — Surveillance","8","8.8","4","4","8.4e-05","0.000324","0"
"DOM_CC3___SURVEILLANCE","implementation_domain","analytical_assessment_layer","CC3 – Surveillance","12","12.0","12","0","0.0","0.098346","0"
"DOM_CC5___PREPAREDNESS","implementation_domain","analytical_assessment_layer","CC5 – Preparedness","6","6.0","6","0","0.0","0.065851","0"
"IHR-OBL-003","ihr2005_obligation","international_normative_layer","IHR Art. 5(2) — Surveillance","7","6.2","2","5","5.4e-05","8.2e-05","0"
"DOM_POLICY_AND_FINANCING","implementation_domain","analytical_assessment_layer","policy and financing","3","3.0","3","0","0.0","0.020923","0"
"IHR-OBL-004","ihr2005_obligation","international_normative_layer","IHR Art. 6(1) — Notification","7","10.2","4","3","4.6e-05","0.000486","0"
"DOM_CC2___NFP","implementation_domain","analytical_assessment_layer","CC2 – NFP","8","8.0","8","0","0.0","0.053351","0"
"IHR-OBL-005","ihr2005_obligation","international_normative_layer","IHR Art. 6(2) — Notification","6","5.4","2","4","2.8e-05","9.5e-05","0"
"DOM_CC6___RISK_COMMUNICATION","implementation_domain","analytical_assessment_layer","CC6 – Risk communication","2","2.0","2","0","0.0","0.008222","0"
"IHR-OBL-006","ihr2005_obligation","international_normative_layer","IHR Art. 7 — Information-sharing during unexpected or unusual public health events","6","6.0","2","4","3.7e-05","0.000136","0"
"DOM_CC3___SURVEILLANCE__EVENT_BASED","implementation_domain","analytical_assessment_layer","CC3 – Surveillance (event-based)","1","1.0","1","0","0.0","0.005122","0"
"IHR-OBL-007","ihr2005_obligation","international_normative_layer","IHR Art. 8 — Consultation","6","5.5","3","3","4.2e-05","0.000169","0"
"IHR-OBL-008","ihr2005_obligation","international_normative_layer","IHR Art. 9(2) — Other reports","5","4.4","1","4","1.1e-05","2.8e-05","0"
"DOM_POE___POINTS_OF_ENTRY","implementation_domain","analytical_assessment_layer","PoE – Points of Entry","23","23.0","23","0","0.0","0.143308","0"
"IHR-OBL-009","ihr2005_obligation","international_normative_layer","IHR Art. 10(2) — Verification","5","4.9","2","3","2.3e-05","0.000129","0"
"IHR-OBL-010","ihr2005_obligation","international_normative_layer","IHR Art. 13(1) — Public health response","12","14.6","7","5","0.000174","0.000648","0"
"DOM_CC4___RESPONSE","implementation_domain","analytical_assessment_layer","CC4 – Response","21","21.0","21","0","0.0","0.17021","0"
"DOM_CC8___LABORATORY","implementation_domain","analytical_assessment_layer","CC8 – Laboratory","3","3.0","3","0","0.0","0.036337","0"
"IHR-OBL-011","ihr2005_obligation","international_normative_layer","IHR Annex 1A, par.2 — Core capacity requirements — self-assessment and action planning","7","7.1","3","4","7.1e-05","0.00021","0"
"IHR-OBL-012","ihr2005_obligation","international_normative_layer","IHR Annex 1A, par.4 — Core capacity — community and primary public health response level","6","6.6","3","3","3.8e-05","0.000243","0"
"IHR-OBL-013","ihr2005_obligation","international_normative_layer","IHR Annex 1A, par.5 — Core capacity — intermediate public health response level","6","6.6","3","3","5.6e-05","0.000243","0"
"IHR-OBL-014","ihr2005_obligation","international_normative_layer","IHR Annex 1A, par.6 (assessment) — Core capacity — national level assessment and notification","8","8.6","3","5","6.6e-05","0.000243","0"
"IHR-OBL-015","ihr2005_obligation","international_normative_layer","IHR Annex 1A, par.6 (response) — Core capacity — national level public health response","8","8.9","3","5","6e-05","0.000264","0"
"DOM_CC2___COORDINATION","implementation_domain","analytical_assessment_layer","CC2 – Coordination","7","7.0","7","0","0.0","0.067434","0"
"IHR-OBL-016","ihr2005_obligation","international_normative_layer","IHR Annex 1B, par.1 — Core capacity — designated PoE baseline (at all times)","7","8.2","3","4","3.7e-05","0.000284","0"
"IHR-OBL-017","ihr2005_obligation","international_normative_layer","IHR Annex 1B, par.2 — Core capacity — designated PoE PHEIC response","8","8.3","3","5","8.6e-05","0.000223","0"
"IHR-OBL-018","ihr2005_obligation","international_normative_layer","IHR Art. 19 — General obligations at points of entry","8","9.2","3","5","8e-05","0.000284","0"
"IHR-OBL-019","ihr2005_obligation","international_normative_layer","IHR Art. 20(1) — Airports and ports — designation","7","7.9","3","4","6.5e-05","0.000264","0"
"DOM_CC1___LEGISLATION","implementation_domain","analytical_assessment_layer","CC1 – Legislation","13","13.0","13","0","0.0","0.082242","0"
"IHR-OBL-020","ihr2005_obligation","international_normative_layer","IHR Art. 20(2) — Airports and ports — Ship Sanitation Certificates","6","6.6","3","3","3.4e-05","0.000243","0"
"IHR-OBL-021","ihr2005_obligation","international_normative_layer","IHR Art. 20(3) — Airports and ports — notification of authorized ports to WHO","4","3.8","1","3","1.9e-05","5.5e-05","0"
"IHR-OBL-022","ihr2005_obligation","international_normative_layer","IHR Art. 21 — Ground crossings — designation and bilateral agreements","8","8.0","3","5","8.6e-05","0.000203","0"
"IHR-OBL-023","ihr2005_obligation","international_normative_layer","IHR Art. 22(1) — Role of competent authorities at PoE","7","7.7","2","5","4.6e-05","0.000183","0"
"IHR-OBL-024","ihr2005_obligation","international_normative_layer","IHR Art. 23(3) — Health measures on arrival and departure — informed consent","6","6.1","2","4","1.7e-05","0.000142","0"
"DOM_RIGHTS_PROTECTION","implementation_domain","analytical_assessment_layer","Rights Protection","12","12.0","12","0","0.0","0.068277","0"
"IHR-OBL-025","ihr2005_obligation","international_normative_layer","IHR Art. 23(4) — Health measures on arrival and departure — vaccination risk information","5","4.8","2","3","2.3e-05","0.000122","0"
"IHR-OBL-026","ihr2005_obligation","international_normative_layer","IHR Art. 24(1) — Conveyance operators — obligations","9","9.7","4","5","0.000102","0.000318","0"
"IHR-OBL-027","ihr2005_obligation","international_normative_layer","IHR Art. 27(1) — Affected conveyances — health measures","6","6.3","3","3","3.5e-05","0.000223","0"
"IHR-OBL-028","ihr2005_obligation","international_normative_layer","IHR Art. 30 — Travellers under public health observation","7","6.8","2","5","3.6e-05","0.000122","0"
"IHR-OBL-029","ihr2005_obligation","international_normative_layer","IHR Art. 31(1) — Health measures relating to entry — prohibition on invasive entry conditions","6","6.1","2","4","1.7e-05","0.000142","0"
"IHR-OBL-030","ihr2005_obligation","international_normative_layer","IHR Art. 31(2) — Health measures relating to entry — compulsory measures in exceptional circumstances","7","7.1","2","5","3e-05","0.000142","0"
"IHR-OBL-031","ihr2005_obligation","international_normative_layer","IHR Art. 32 — Treatment of travellers","6","5.8","2","4","2.4e-05","0.000122","0"
"IHR-OBL-032","ihr2005_obligation","international_normative_layer","IHR Art. 35 — General rule — no additional health documents in international traffic","6","6.4","2","4","4.5e-05","0.000163","0"
"IHR-OBL-033","ihr2005_obligation","international_normative_layer","IHR Art. 36 — Certificates of vaccination or other prophylaxis","6","6.1","2","4","4.9e-05","0.000142","0"
"IHR-OBL-034","ihr2005_obligation","international_normative_layer","IHR Art. 37 — Maritime Declaration of Health","6","6.9","3","3","4.5e-05","0.000264","0"
"IHR-OBL-035","ihr2005_obligation","international_normative_layer","IHR Art. 38 — Health Part of the Aircraft General Declaration","4","3.9","1","3","8e-06","6.2e-05","0"
"IHR-OBL-036","ihr2005_obligation","international_normative_layer","IHR Art. 39 — Ship sanitation certificates — issuance and validity","5","5.1","2","3","1.9e-05","0.000142","0"
"IHR-OBL-037","ihr2005_obligation","international_normative_layer","IHR Art. 40 — Charges for health measures regarding travellers","5","4.1","1","4","2.2e-05","8e-06","0"
"IHR-OBL-038","ihr2005_obligation","international_normative_layer","IHR Art. 41 — Charges for health measures on goods, cargo, containers, and conveyances","4","3.6","1","3","1.9e-05","4.1e-05","0"
"IHR-OBL-039","ihr2005_obligation","international_normative_layer","IHR Art. 42 — Implementation of health measures — transparency and non-discrimination","7","6.7","2","5","5.2e-05","0.000115","0"
"IHR-OBL-040","ihr2005_obligation","international_normative_layer","IHR Art. 43(1)-(2) — Additional health measures — scientific basis and proportionality","7","7.9","3","4","4.3e-05","0.000264","0"
"IHR-OBL-041","ihr2005_obligation","international_normative_layer","IHR Art. 43(3) and (5) — Additional health measures — notification to WHO","5","4.9","2","3","2e-05","0.000129","0"
"IHR-OBL-042","ihr2005_obligation","international_normative_layer","IHR Art. 43(6) — Additional health measures — periodic review","6","6.3","2","4","3.9e-05","0.000156","0"
"IHR-OBL-043","ihr2005_obligation","international_normative_layer","IHR Art. 44(1) — Collaboration and assistance between States Parties","11","13.6","7","4","0.000167","0.000648","0"
"IHR-OBL-044","ihr2005_obligation","international_normative_layer","IHR Art. 45 — Treatment of personal data","7","8.8","3","4","7.4e-05","0.000324","0"
"IHR-OBL-045","ihr2005_obligation","international_normative_layer","IHR Art. 46 — Transport and handling of biological substances and diagnostic specimens","5","4.8","1","4","2.5e-05","5.5e-05","0"
"IHR24-CHG-001","ihr2024_change","update_review_layer","IHR 2024 Article 1 — new definition","1","1.5","0","1","0.0","1e-06","0"
"IHR24-CHG-002","ihr2024_change","update_review_layer","IHR 2024 Article 1 — new definition","0","0","0","0","0.0","1e-06","4"
"IHR24-CHG-003","ihr2024_change","update_review_layer","IHR 2024 Article 1 — new definition","0","0","0","0","0.0","1e-06","5"
"IHR24-CHG-004","ihr2024_change","update_review_layer","IHR 2024 Article 2 — modified principle","0","0","0","0","0.0","1e-06","6"
"IHR24-CHG-005","ihr2024_change","update_review_layer","IHR 2024 Article 3 — modified principle","0","0","0","0","0.0","1e-06","7"
"IHR24-CHG-006","ihr2024_change","update_review_layer","IHR 2024 Article 4 — modified responsible authority requirement","1","1.5","0","1","0.0","1e-06","0"
"IHR24-CHG-007","ihr2024_change","update_review_layer","IHR 2024 Article 4 — modified responsible authority requirement","1","1.5","0","1","0.0","1e-06","0"
"IHR24-CHG-008","ihr2024_change","update_review_layer","IHR 2024 Article 4 — modified responsible authority requirement","1","1.5","0","1","0.0","1e-06","0"
"IHR24-CHG-009","ihr2024_change","update_review_layer","IHR 2024 Article 4 — modified responsible authority requirement","1","1.5","0","1","0.0","1e-06","0"
"IHR24-CHG-010","ihr2024_change","update_review_layer","IHR 2024 Article 5 — modified surveillance/core capacity requirement","1","1.5","0","1","0.0","1e-06","0"
"IHR24-CHG-011","ihr2024_change","update_review_layer","IHR 2024 Article 6 — modified notification/information requirement","1","1.5","0","1","0.0","1e-06","0"
"IHR24-CHG-012","ihr2024_change","update_review_layer","IHR 2024 Article 8 — modified notification/information requirement","1","1.5","0","1","0.0","1e-06","0"
"IHR24-CHG-013","ihr2024_change","update_review_layer","IHR 2024 Article 10 — modified notification/information requirement","1","1.5","0","1","0.0","1e-06","0"
"IHR24-CHG-014","ihr2024_change","update_review_layer","IHR 2024 Article 11 — modified notification/information requirement","0","0","0","0","0.0","1e-06","8"
"IHR24-CHG-015","ihr2024_change","update_review_layer","IHR 2024 Article 12 — modified PHEIC determination procedure","0","0","0","0","0.0","1e-06","9"
"IHR24-CHG-016","ihr2024_change","update_review_layer","IHR 2024 Article 12 — modified PHEIC determination procedure","0","0","0","0","0.0","1e-06","10"
"IHR24-CHG-017","ihr2024_change","update_review_layer","IHR 2024 Article 13 — modified response obligation","1","1.5","0","1","0.0","1e-06","0"
"IHR24-CHG-018","ihr2024_change","update_review_layer","IHR 2024 Article 13 — modified response obligation","1","1.5","0","1","0.0","1e-06","0"
"IHR24-CHG-019","ihr2024_change","update_review_layer","IHR 2024 Article 13 — modified response obligation","1","1.5","0","1","0.0","1e-06","0"
"IHR24-CHG-020","ihr2024_change","update_review_layer","IHR 2024 Article 13 — modified response obligation","0","0","0","0","0.0","1e-06","11"
"IHR24-CHG-021","ihr2024_change","update_review_layer","IHR 2024 Article 13 — modified collaboration/assistance/financing requirement","2","3.0","0","2","0.0","1e-06","0"
"IHR24-CHG-022","ihr2024_change","update_review_layer","IHR 2024 Article 15 — modified recommendation framework","0","0","0","0","0.0","1e-06","12"
"IHR24-CHG-023","ihr2024_change","update_review_layer","IHR 2024 Article 16 — modified recommendation framework","0","0","0","0","0.0","1e-06","13"
"IHR24-CHG-024","ihr2024_change","update_review_layer","IHR 2024 Article 17 — modified recommendation framework","0","0","0","0","0.0","1e-06","14"
"IHR24-CHG-025","ihr2024_change","update_review_layer","IHR 2024 Article 18 — modified recommendation framework","0","0","0","0","0.0","1e-06","15"
"IHR24-CHG-026","ihr2024_change","update_review_layer","IHR 2024 Article 19 — modified points of entry requirement","1","1.5","0","1","0.0","1e-06","0"
"IHR24-CHG-027","ihr2024_change","update_review_layer","IHR 2024 Article 20 — modified points of entry requirement","2","3.0","0","2","0.0","1e-06","0"
"IHR24-CHG-028","ihr2024_change","update_review_layer","IHR 2024 Article 21 — modified points of entry requirement","1","1.5","0","1","0.0","1e-06","0"
"IHR24-CHG-029","ihr2024_change","update_review_layer","IHR 2024 Article 24 — modified points of entry requirement","1","1.5","0","1","0.0","1e-06","0"
"IHR24-CHG-030","ihr2024_change","update_review_layer","IHR 2024 Article 27 — modified response obligation","1","1.5","0","1","0.0","1e-06","0"
"IHR24-CHG-031","ihr2024_change","update_review_layer","IHR 2024 Article 28 — modified points of entry requirement","0","0","0","0","0.0","1e-06","16"
"IHR24-CHG-032","ihr2024_change","update_review_layer","IHR 2024 Article 35 — modified documentation requirement","1","1.5","0","1","0.0","1e-06","0"
"IHR24-CHG-033","ihr2024_change","update_review_layer","IHR 2024 Article 37 — modified documentation requirement","1","1.5","0","1","0.0","1e-06","0"
"IHR24-CHG-034","ihr2024_change","update_review_layer","IHR 2024 Article 43 — modified health measures/traveller safeguards","3","4.5","0","3","0.0","1e-06","0"
"IHR24-CHG-035","ihr2024_change","update_review_layer","IHR 2024 Article 44 — modified collaboration/assistance/financing requirement","1","1.5","0","1","0.0","1e-06","0"
"IHR24-CHG-036","ihr2024_change","update_review_layer","IHR 2024 Article 44 — modified collaboration/assistance/financing requirement","1","1.5","0","1","0.0","1e-06","0"
"IHR24-CHG-037","ihr2024_change","update_review_layer","IHR 2024 Article 44 — new financing mechanism","1","1.5","0","1","0.0","1e-06","0"
"IHR24-CHG-038","ihr2024_change","update_review_layer","IHR 2024 Article 44 — new financing mechanism","1","1.5","0","1","0.0","1e-06","0"
"IHR24-CHG-039","ihr2024_change","update_review_layer","IHR 2024 Article 44 bis — new financing mechanism","0","0","0","0","0.0","1e-06","17"
"IHR24-CHG-040","ihr2024_change","update_review_layer","IHR 2024 Article 45 — modified personal data requirement","1","1.5","0","1","0.0","1e-06","0"
"IHR24-CHG-041","ihr2024_change","update_review_layer","IHR 2024 Article 48 — modified emergency committee procedure","0","0","0","0","0.0","1e-06","18"
"IHR24-CHG-042","ihr2024_change","update_review_layer","IHR 2024 Article 48 — modified emergency committee procedure","0","0","0","0","0.0","1e-06","19"
"IHR24-CHG-043","ihr2024_change","update_review_layer","IHR 2024 Article 48 — modified emergency committee procedure","0","0","0","0","0.0","1e-06","20"
"IHR24-CHG-044","ihr2024_change","update_review_layer","IHR 2024 Article 49 — modified emergency committee procedure","0","0","0","0","0.0","1e-06","21"
"IHR24-CHG-045","ihr2024_change","update_review_layer","IHR 2024 Article 54 — modified reporting/review requirement","0","0","0","0","0.0","1e-06","22"
"IHR24-CHG-046","ihr2024_change","update_review_layer","IHR 2024 Article 54 bis — new implementation committee","0","0","0","0","0.0","1e-06","23"
"IHR24-CHG-047","ihr2024_change","update_review_layer","IHR 2024 Annex 1 — modified surveillance/core capacity requirement","1","1.5","0","1","0.0","1e-06","0"
"IHR24-CHG-048","ihr2024_change","update_review_layer","IHR 2024 Annex 1 — modified surveillance/core capacity requirement","1","1.5","0","1","0.0","1e-06","0"
"IHR24-CHG-049","ihr2024_change","update_review_layer","IHR 2024 Annex 1 — modified surveillance/core capacity requirement","1","1.5","0","1","0.0","1e-06","0"
"IHR24-CHG-050","ihr2024_change","update_review_layer","IHR 2024 Annex 1 — modified surveillance/core capacity requirement","1","1.5","0","1","0.0","1e-06","0"
"IHR24-CHG-051","ihr2024_change","update_review_layer","IHR 2024 Annex 1 — modified surveillance/core capacity requirement","2","3.0","0","2","0.0","1e-06","0"
"IHR24-CHG-052","ihr2024_change","update_review_layer","IHR 2024 Annex 1 — modified points of entry requirement","1","1.5","0","1","0.0","1e-06","0"
"IHR24-CHG-053","ihr2024_change","update_review_layer","IHR 2024 Annex 2 — annex amendment","0","0","0","0","0.0","1e-06","24"
"IHR24-CHG-054","ihr2024_change","update_review_layer","IHR 2024 Annex 3 — annex amendment","2","3.0","0","2","0.0","1e-06","0"
"IHR24-CHG-055","ihr2024_change","update_review_layer","IHR 2024 Annex 4 — annex amendment","1","1.5","0","1","0.0","1e-06","0"
"IHR24-CHG-056","ihr2024_change","update_review_layer","IHR 2024 Annex 6 — annex amendment","1","1.5","0","1","0.0","1e-06","0"
"IHR24-CHG-057","ihr2024_change","update_review_layer","IHR 2024 Annex 8 — annex amendment","1","1.5","0","1","0.0","1e-06","0"
"PA_ART01_001","pandemic_agreement_obligation","international_normative_layer","PA Article 1 — national governance","0","0","0","0","0.0","1e-06","25"
"PA_ART01_002","pandemic_agreement_obligation","international_normative_layer","PA Article 1 — equitable access","0","0","0","0","0.0","1e-06","26"
"PA_ART01_003","pandemic_agreement_obligation","international_normative_layer","PA Article 1 — health systems","0","0","0","0","0.0","1e-06","27"
"PA_ART02_001","pandemic_agreement_obligation","international_normative_layer","PA Article 2 — prevention","0","0","0","0","0.0","1e-06","28"
"PA_ART03_001","pandemic_agreement_obligation","international_normative_layer","PA Article 3 — national governance","0","0","0","0","0.0","1e-06","29"
"PA_ART04_001","pandemic_agreement_obligation","international_normative_layer","PA Article 4 — prevention","0","0","0","0","0.0","1e-06","30"
"PA_ART04_002","pandemic_agreement_obligation","international_normative_layer","PA Article 4 — prevention","0","0","0","0","0.0","1e-06","31"
"PA_ART04_003","pandemic_agreement_obligation","international_normative_layer","PA Article 4 — prevention","0","0","0","0","0.0","1e-06","32"
"PA_ART04_004","pandemic_agreement_obligation","international_normative_layer","PA Article 4 — One Health","0","0","0","0","0.0","1e-06","33"
"PA_ART04_005","pandemic_agreement_obligation","international_normative_layer","PA Article 4 — surveillance","0","0","0","0","0.0","1e-06","34"
"PA_ART04_006","pandemic_agreement_obligation","international_normative_layer","PA Article 4 — surveillance","0","0","0","0","0.0","1e-06","35"
"PA_ART04_007","pandemic_agreement_obligation","international_normative_layer","PA Article 4 — health systems","0","0","0","0","0.0","1e-06","36"
"PA_ART04_008","pandemic_agreement_obligation","international_normative_layer","PA Article 4 — prevention","0","0","0","0","0.0","1e-06","37"
"PA_ART04_009","pandemic_agreement_obligation","international_normative_layer","PA Article 4 — preparedness","0","0","0","0","0.0","1e-06","38"
"PA_ART04_010","pandemic_agreement_obligation","international_normative_layer","PA Article 4 — surveillance","0","0","0","0","0.0","1e-06","39"
"PA_ART04_011","pandemic_agreement_obligation","international_normative_layer","PA Article 4 — preparedness","0","0","0","0","0.0","1e-06","40"
"PA_ART04_012","pandemic_agreement_obligation","international_normative_layer","PA Article 4 — prevention","0","0","0","0","0.0","1e-06","41"
"PA_ART05_001","pandemic_agreement_obligation","international_normative_layer","PA Article 5 — One Health","0","0","0","0","0.0","1e-06","42"
"PA_ART05_002","pandemic_agreement_obligation","international_normative_layer","PA Article 5 — One Health","0","0","0","0","0.0","1e-06","43"
"PA_ART05_003","pandemic_agreement_obligation","international_normative_layer","PA Article 5 — One Health","0","0","0","0","0.0","1e-06","44"
"PA_ART05_004","pandemic_agreement_obligation","international_normative_layer","PA Article 5 — health workforce","0","0","0","0","0.0","1e-06","45"
"PA_ART06_001","pandemic_agreement_obligation","international_normative_layer","PA Article 6 — health systems","0","0","0","0","0.0","1e-06","46"
"PA_ART06_002","pandemic_agreement_obligation","international_normative_layer","PA Article 6 — preparedness","0","0","0","0","0.0","1e-06","47"
"PA_ART06_003","pandemic_agreement_obligation","international_normative_layer","PA Article 6 — information and reporting","0","0","0","0","0.0","1e-06","48"
"PA_ART06_004","pandemic_agreement_obligation","international_normative_layer","PA Article 6 — implementation and review","0","0","0","0","0.0","1e-06","49"
"PA_ART07_001","pandemic_agreement_obligation","international_normative_layer","PA Article 7 — health workforce","0","0","0","0","0.0","1e-06","50"
"PA_ART07_002","pandemic_agreement_obligation","international_normative_layer","PA Article 7 — health workforce","0","0","0","0","0.0","1e-06","51"
"PA_ART07_003","pandemic_agreement_obligation","international_normative_layer","PA Article 7 — health workforce","0","0","0","0","0.0","1e-06","52"
"PA_ART07_004","pandemic_agreement_obligation","international_normative_layer","PA Article 7 — health workforce","0","0","0","0","0.0","1e-06","53"
"PA_ART07_005","pandemic_agreement_obligation","international_normative_layer","PA Article 7 — health workforce","0","0","0","0","0.0","1e-06","54"
"PA_ART08_001","pandemic_agreement_obligation","international_normative_layer","PA Article 8 — health systems","0","0","0","0","0.0","1e-06","55"
"PA_ART08_002","pandemic_agreement_obligation","international_normative_layer","PA Article 8 — health systems","0","0","0","0","0.0","1e-06","56"
"PA_ART08_003","pandemic_agreement_obligation","international_normative_layer","PA Article 8 — information and reporting","0","0","0","0","0.0","1e-06","57"
"PA_ART08_004","pandemic_agreement_obligation","international_normative_layer","PA Article 8 — health systems","0","0","0","0","0.0","1e-06","58"
"PA_ART08_005","pandemic_agreement_obligation","international_normative_layer","PA Article 8 — health systems","0","0","0","0","0.0","1e-06","59"
"PA_ART09_001","pandemic_agreement_obligation","international_normative_layer","PA Article 9 — research and development","0","0","0","0","0.0","1e-06","60"
"PA_ART09_002","pandemic_agreement_obligation","international_normative_layer","PA Article 9 — research and development","0","0","0","0","0.0","1e-06","61"
"PA_ART09_003","pandemic_agreement_obligation","international_normative_layer","PA Article 9 — research and development","0","0","0","0","0.0","1e-06","62"
"PA_ART09_004","pandemic_agreement_obligation","international_normative_layer","PA Article 9 — information and reporting","0","0","0","0","0.0","1e-06","63"
"PA_ART09_005","pandemic_agreement_obligation","international_normative_layer","PA Article 9 — research and development","0","0","0","0","0.0","1e-06","64"
"PA_ART10_001","pandemic_agreement_obligation","international_normative_layer","PA Article 10 — local/regional production","0","0","0","0","0.0","1e-06","65"
"PA_ART10_002","pandemic_agreement_obligation","international_normative_layer","PA Article 10 — local/regional production","0","0","0","0","0.0","1e-06","66"
"PA_ART11_001","pandemic_agreement_obligation","international_normative_layer","PA Article 11 — technology transfer","0","0","0","0","0.0","1e-06","67"
"PA_ART11_002","pandemic_agreement_obligation","international_normative_layer","PA Article 11 — technology transfer","0","0","0","0","0.0","1e-06","68"
"PA_ART11_003","pandemic_agreement_obligation","international_normative_layer","PA Article 11 — technology transfer","0","0","0","0","0.0","1e-06","69"
"PA_ART11_004","pandemic_agreement_obligation","international_normative_layer","PA Article 11 — technology transfer","0","0","0","0","0.0","1e-06","70"
"PA_ART11_005","pandemic_agreement_obligation","international_normative_layer","PA Article 11 — technology transfer","0","0","0","0","0.0","1e-06","71"
"PA_ART12_001","pandemic_agreement_obligation","international_normative_layer","PA Article 12 — PABS","0","0","0","0","0.0","1e-06","72"
"PA_ART12_002","pandemic_agreement_obligation","international_normative_layer","PA Article 12 — PABS","0","0","0","0","0.0","1e-06","73"
"PA_ART12_003","pandemic_agreement_obligation","international_normative_layer","PA Article 12 — PABS","0","0","0","0","0.0","1e-06","74"
"PA_ART12_004","pandemic_agreement_obligation","international_normative_layer","PA Article 12 — PABS","0","0","0","0","0.0","1e-06","75"
"PA_ART12_005","pandemic_agreement_obligation","international_normative_layer","PA Article 12 — PABS","0","0","0","0","0.0","1e-06","76"
"PA_ART12_006","pandemic_agreement_obligation","international_normative_layer","PA Article 12 — PABS","0","0","0","0","0.0","1e-06","77"
"PA_ART13_001","pandemic_agreement_obligation","international_normative_layer","PA Article 13 — supply chain","0","0","0","0","0.0","1e-06","78"
"PA_ART13_002","pandemic_agreement_obligation","international_normative_layer","PA Article 13 — supply chain","0","0","0","0","0.0","1e-06","79"
"PA_ART14_001","pandemic_agreement_obligation","international_normative_layer","PA Article 14 — procurement and distribution","0","0","0","0","0.0","1e-06","80"
"PA_ART14_002","pandemic_agreement_obligation","international_normative_layer","PA Article 14 — equitable access","0","0","0","0","0.0","1e-06","81"
"PA_ART14_003","pandemic_agreement_obligation","international_normative_layer","PA Article 14 — equitable access","0","0","0","0","0.0","1e-06","82"
"PA_ART14_004","pandemic_agreement_obligation","international_normative_layer","PA Article 14 — supply chain","0","0","0","0","0.0","1e-06","83"
"PA_ART14_005","pandemic_agreement_obligation","international_normative_layer","PA Article 14 — supply chain","0","0","0","0","0.0","1e-06","84"
"PA_ART15_001","pandemic_agreement_obligation","international_normative_layer","PA Article 15 — national governance","0","0","0","0","0.0","1e-06","85"
"PA_ART15_002","pandemic_agreement_obligation","international_normative_layer","PA Article 15 — national governance","0","0","0","0","0.0","1e-06","86"
"PA_ART15_003","pandemic_agreement_obligation","international_normative_layer","PA Article 15 — national governance","0","0","0","0","0.0","1e-06","87"
"PA_ART15_004","pandemic_agreement_obligation","international_normative_layer","PA Article 15 — preparedness","0","0","0","0","0.0","1e-06","88"
"PA_ART15_005","pandemic_agreement_obligation","international_normative_layer","PA Article 15 — preparedness","0","0","0","0","0.0","1e-06","89"
"PA_ART15_006","pandemic_agreement_obligation","international_normative_layer","PA Article 15 — national governance","0","0","0","0","0.0","1e-06","90"
"PA_ART16_001","pandemic_agreement_obligation","international_normative_layer","PA Article 16 — national governance","0","0","0","0","0.0","1e-06","91"
"PA_ART16_002","pandemic_agreement_obligation","international_normative_layer","PA Article 16 — information and reporting","0","0","0","0","0.0","1e-06","92"
"PA_ART17_001","pandemic_agreement_obligation","international_normative_layer","PA Article 17 — international cooperation","0","0","0","0","0.0","1e-06","93"
"PA_ART17_002","pandemic_agreement_obligation","international_normative_layer","PA Article 17 — international cooperation","0","0","0","0","0.0","1e-06","94"
"PA_ART18_001","pandemic_agreement_obligation","international_normative_layer","PA Article 18 — financing","0","0","0","0","0.0","1e-06","95"
"PA_ART18_002","pandemic_agreement_obligation","international_normative_layer","PA Article 18 — financing","0","0","0","0","0.0","1e-06","96"
"PA_ART18_003","pandemic_agreement_obligation","international_normative_layer","PA Article 18 — financing","0","0","0","0","0.0","1e-06","97"
"PA_ART19_001","pandemic_agreement_obligation","international_normative_layer","PA Article 19 — implementation and review","0","0","0","0","0.0","1e-06","98"
"PA_ART19_002","pandemic_agreement_obligation","international_normative_layer","PA Article 19 — implementation and review","0","0","0","0","0.0","1e-06","99"
"PA_ART21_001","pandemic_agreement_obligation","international_normative_layer","PA Article 21 — implementation and review","0","0","0","0","0.0","1e-06","100"
"PA_ART21_002","pandemic_agreement_obligation","international_normative_layer","PA Article 21 — implementation and review","0","0","0","0","0.0","1e-06","101"
"PA_ART22_001","pandemic_agreement_obligation","international_normative_layer","PA Article 22 — implementation and review","0","0","0","0","0.0","1e-06","102"
"PA_ART24_001","pandemic_agreement_obligation","international_normative_layer","PA Article 24 — international cooperation","0","0","0","0","0.0","1e-06","103"
"PA_ART31_001","pandemic_agreement_obligation","international_normative_layer","PA Article 31 — implementation and review","0","0","0","0","0.0","1e-06","104"
"PA_ART32_001","pandemic_agreement_obligation","international_normative_layer","PA Article 32 — implementation and review","0","0","0","0","0.0","1e-06","105"
"PA_ART33_001","pandemic_agreement_obligation","international_normative_layer","PA Article 33 — implementation and review","0","0","0","0","0.0","1e-06","106"
"PA_GENERAL_001","pandemic_agreement_obligation","international_normative_layer","PA Article 12 / Article 31 / Article 32 — PABS","0","0","0","0","0.0","1e-06","107"
"PABS_DRAFT_20260309_SECIA_001","pabs_draft_obligation","international_normative_layer","PABS [DRAFT] Section I.A Scope and objectives — PABS System scope and objective","0","0","0","0","0.0","1e-06","108"
"PABS_DRAFT_20260309_SECIB_001","pabs_draft_obligation","international_normative_layer","PABS [DRAFT] Section I.B Use of terms — pathogen with pandemic potential","0","0","0","0","0.0","1e-06","109"
"PABS_DRAFT_20260309_SECIB_002","pabs_draft_obligation","international_normative_layer","PABS [DRAFT] Section I.B Use of terms — PABS Materials and Sequence Information","0","0","0","0","0.0","1e-06","110"
"PABS_DRAFT_20260309_SECIB_003","pabs_draft_obligation","international_normative_layer","PABS [DRAFT] Section I.B Use of terms — Participating Manufacturer","0","0","0","0","0.0","1e-06","111"
"PABS_DRAFT_20260309_SECIIA_001","pabs_draft_obligation","international_normative_layer","PABS [DRAFT] Section II.A Operation of the PABS System — two-pillar structure: access and benefit-sharing","0","0","0","0","0.0","1e-06","112"
"PABS_DRAFT_20260309_SECIIA_002","pabs_draft_obligation","international_normative_layer","PABS [DRAFT] Section II.A Operation of the PABS System — simultaneous operation of all PABS elements","0","0","0","0","0.0","1e-06","113"
"PABS_DRAFT_20260309_SECIIA_003","pabs_draft_obligation","international_normative_layer","PABS [DRAFT] Section II.A Operation of the PABS System — compliance with national/domestic law on risk assessment, biosafety, biosecurity, export control and data protection","0","0","0","0","0.0","1e-06","114"
"PABS_DRAFT_20260309_SECIIA_004","pabs_draft_obligation","international_normative_layer","PABS [DRAFT] Section II.A Operation of the PABS System — traditional knowledge of Indigenous Peoples and local communities","0","0","0","0","0.0","1e-06","115"
"PABS_DRAFT_20260309_SECIIA_005","pabs_draft_obligation","international_normative_layer","PABS [DRAFT] Section II.A Operation of the PABS System — participants of the PABS System","0","0","0","0","0.0","1e-06","116"
"PABS_DRAFT_20260309_SECIIA_006","pabs_draft_obligation","international_normative_layer","PABS [DRAFT] Section II.A Operation of the PABS System — general obligations of PABS participants","0","0","0","0","0.0","1e-06","117"
"PABS_DRAFT_20260309_SECIIA_007","pabs_draft_obligation","international_normative_layer","PABS [DRAFT] Section II.A Operation of the PABS System — review/alignment of national or regional ABS measures","0","0","0","0","0.0","1e-06","118"
"PABS_DRAFT_20260309_SECIIB_001","pabs_draft_obligation","international_normative_layer","PABS [DRAFT] Section II.B Access to PABS Materials and Sequence Information — sharing of PABS Materials through authorized laboratories","0","0","0","0","0.0","1e-06","119"
"PABS_DRAFT_20260309_SECIIB_002","pabs_draft_obligation","international_normative_layer","PABS [DRAFT] Section II.B Access to PABS Materials and Sequence Information — upload of PABS Sequence Information to WHO recognized databases","0","0","0","0","0.0","1e-06","120"
"PABS_DRAFT_20260309_SECIIB_003","pabs_draft_obligation","international_normative_layer","PABS [DRAFT] Section II.B Access to PABS Materials and Sequence Information — unique persistent identifiers","0","0","0","0","0.0","1e-06","121"
"PABS_DRAFT_20260309_SECIIB_004","pabs_draft_obligation","international_normative_layer","PABS [DRAFT] Section II.B Access to PABS Materials and Sequence Information — onward transfer and use","0","0","0","0","0.0","1e-06","122"
"PABS_DRAFT_20260309_SECIIB_005","pabs_draft_obligation","international_normative_layer","PABS [DRAFT] Section II.B Access to PABS Materials and Sequence Information — public health, clinical, epidemiological information and metadata","0","0","0","0","0.0","1e-06","123"
"PABS_DRAFT_20260309_SECIIB_006","pabs_draft_obligation","international_normative_layer","PABS [DRAFT] Section II.B Access to PABS Materials and Sequence Information — prior informed consent / approval and involvement for traditional knowledge","0","0","0","0","0.0","1e-06","124"
"PABS_DRAFT_20260309_SECIIB_007","pabs_draft_obligation","international_normative_layer","PABS [DRAFT] Section II.B Access to PABS Materials and Sequence Information — WCLN laboratory requirements","0","0","0","0","0.0","1e-06","125"
"PABS_DRAFT_20260309_SECIIB_008","pabs_draft_obligation","international_normative_layer","PABS [DRAFT] Section II.B Access to PABS Materials and Sequence Information — WHO recognized sequence database requirements","0","0","0","0","0.0","1e-06","126"
"PABS_DRAFT_20260309_SECIIC_001","pabs_draft_obligation","international_normative_layer","PABS [DRAFT] Section II.C PABS System benefit-sharing — Participating Manufacturer WHO PABS Contracts","0","0","0","0","0.0","1e-06","127"
"PABS_DRAFT_20260309_SECIIC_002","pabs_draft_obligation","international_normative_layer","PABS [DRAFT] Section II.C PABS System benefit-sharing — 20% real-time production access target in pandemic emergency","0","0","0","0","0.0","1e-06","128"
"PABS_DRAFT_20260309_SECIIC_003","pabs_draft_obligation","international_normative_layer","PABS [DRAFT] Section II.C PABS System benefit-sharing — minimum 10% donation","0","0","0","0","0.0","1e-06","129"
"PABS_DRAFT_20260309_SECIIC_004","pabs_draft_obligation","international_normative_layer","PABS [DRAFT] Section II.C PABS System benefit-sharing — affordable price reservation","0","0","0","0","0.0","1e-06","130"
"PABS_DRAFT_20260309_SECIIC_005","pabs_draft_obligation","international_normative_layer","PABS [DRAFT] Section II.C PABS System benefit-sharing — benefit-sharing in PHEIC","0","0","0","0","0.0","1e-06","131"
"PABS_DRAFT_20260309_SECIIC_006","pabs_draft_obligation","international_normative_layer","PABS [DRAFT] Section II.C PABS System benefit-sharing — annual monetary contributions","0","0","0","0","0.0","1e-06","132"
"PABS_DRAFT_20260309_SECIIC_007","pabs_draft_obligation","international_normative_layer","PABS [DRAFT] Section II.C PABS System benefit-sharing — capacity-building and technical assistance","0","0","0","0","0.0","1e-06","133"
"PABS_DRAFT_20260309_SECIIC_008","pabs_draft_obligation","international_normative_layer","PABS [DRAFT] Section II.C PABS System benefit-sharing — research and development cooperation","0","0","0","0","0.0","1e-06","134"
"PABS_DRAFT_20260309_SECIIC_009","pabs_draft_obligation","international_normative_layer","PABS [DRAFT] Section II.C PABS System benefit-sharing — non-exclusive licences for manufacturers in developing countries","0","0","0","0","0.0","1e-06","135"
"PABS_DRAFT_20260309_SECIIC_010","pabs_draft_obligation","international_normative_layer","PABS [DRAFT] Section II.C PABS System benefit-sharing — technology transfer and know-how","0","0","0","0","0.0","1e-06","136"
"PABS_DRAFT_20260309_SECIIC_011","pabs_draft_obligation","international_normative_layer","PABS [DRAFT] Section II.C PABS System benefit-sharing — commercial users other than manufacturers","0","0","0","0","0.0","1e-06","137"
"PABS_DRAFT_20260309_SECIIC_012","pabs_draft_obligation","international_normative_layer","PABS [DRAFT] Section II.C PABS System benefit-sharing — non-commercial users","0","0","0","0","0.0","1e-06","138"
"PABS_DRAFT_20260309_SECIIIA_001","pabs_draft_obligation","international_normative_layer","PABS [DRAFT] Section III.A Governance — PABS Advisory Group","0","0","0","0","0.0","1e-06","139"
"PABS_DRAFT_20260309_SECIIIA_002","pabs_draft_obligation","international_normative_layer","PABS [DRAFT] Section III.A Governance — WHO Secretariat administration and coordination role","0","0","0","0","0.0","1e-06","140"
"PABS_DRAFT_20260309_SECIIIA_003","pabs_draft_obligation","international_normative_layer","PABS [DRAFT] Section III.A Governance — WHO Secretariat platform for operational transparency","0","0","0","0","0.0","1e-06","141"
"PABS_DRAFT_20260309_SECIIIA_004","pabs_draft_obligation","international_normative_layer","PABS [DRAFT] Section III.A Governance — allegations of non-compliance","0","0","0","0","0.0","1e-06","142"
"PABS_DRAFT_20260309_SECIIIB_001","pabs_draft_obligation","international_normative_layer","PABS [DRAFT] Section III.B Review — five-year review of the PABS System","0","0","0","0","0.0","1e-06","143"
"PABS_DRAFT_20260309_SECIIA_008","pabs_draft_obligation","international_normative_layer","PABS [DRAFT] Section II.A Operation of the PABS System — export control","0","0","0","0","0.0","1e-06","144"
"PABS_DRAFT_20260309_SECIIA_009","pabs_draft_obligation","international_normative_layer","PABS [DRAFT] Section II.A Operation of the PABS System — data protection","0","0","0","0","0.0","1e-06","145"
"GAP_PROCEDURAL_GAP__UPDATE_REVIEW_NEEDED","gap_type","analytical_assessment_layer","procedural gap; update-review needed","0","0","0","0","0.0","1e-06","146"
"GAP_REGULATORY_GAP__PROCEDURAL_GAP__FEDERAL_IMPLEMENTATION_GAP","gap_type","analytical_assessment_layer","regulatory gap; procedural gap; federal implementation gap","0","0","0","0","0.0","1e-06","147"
"GAP_PROCEDURAL_GAP__ADMINISTRATIVE_ONLY_ANCHORING","gap_type","analytical_assessment_layer","procedural gap; administrative-only anchoring","0","0","0","0","0.0","1e-06","148"
"GAP_REGULATORY_GAP__FEDERAL_IMPLEMENTATION_GAP__COORDINATION_GAP","gap_type","analytical_assessment_layer","regulatory gap; federal implementation gap; coordination gap","0","0","0","0","0.0","1e-06","149"
"GAP_REGULATORY_GAP__ADMINISTRATIVE_ONLY_ANCHORING","gap_type","analytical_assessment_layer","regulatory gap; administrative-only anchoring","0","0","0","0","0.0","1e-06","150"
"GAP_PARTIAL_REGULATORY_GAP__PROCEDURAL_GAP__UPDATE_REVIEW_NEEDED","gap_type","analytical_assessment_layer","partial regulatory gap; procedural gap; update-review needed","0","0","0","0","0.0","1e-06","151"
"GAP_RIGHTS_SAFEGUARD_GAP__PROCEDURAL_GAP__FULL_GAP__ART__40","gap_type","analytical_assessment_layer","rights-safeguard gap; procedural gap; full gap (Art. 40)","0","0","0","0","0.0","1e-06","152"
"GAP_COORDINATION_GAP__REGULATORY_GAP","gap_type","analytical_assessment_layer","coordination gap; regulatory gap","0","0","0","0","0.0","1e-06","153"
"GAP_BUDGET_CAPACITY_GAP__OVERSIGHT_GAP","gap_type","analytical_assessment_layer","budget/capacity gap; oversight gap","0","0","0","0","0.0","1e-06","154"
"GAP_OVERSIGHT_GAP__PROCEDURAL_GAP","gap_type","analytical_assessment_layer","oversight gap; procedural gap","0","0","0","0","0.0","1e-06","155"
"GAP_REGULATORY_GAP__UPDATE_REVIEW_NEEDED","gap_type","analytical_assessment_layer","regulatory gap; update-review needed","0","0","0","0","0.0","1e-06","156"
"GAP_REGULATORY_GAP__PROCEDURAL_GAP","gap_type","analytical_assessment_layer","regulatory gap; procedural gap","0","0","0","0","0.0","1e-06","157"
"GAP_PARTIAL_REGULATORY_GAP__COORDINATION_GAP","gap_type","analytical_assessment_layer","partial regulatory gap; coordination gap","0","0","0","0","0.0","1e-06","158"
"GAP_FEDERAL_IMPLEMENTATION_GAP__COORDINATION_GAP__PROCEDURAL_GAP","gap_type","analytical_assessment_layer","federal implementation gap; coordination gap; procedural gap","0","0","0","0","0.0","1e-06","159"
"GAP_PROCEDURAL_GAP","gap_type","analytical_assessment_layer","procedural gap","20","20.0","20","0","0.0","0.145885","0"
"GAP_REGULATORY_GAP","gap_type","analytical_assessment_layer","regulatory gap","16","16.0","16","0","0.0","0.175938","0"
"GAP_FULL_GAP","gap_type","analytical_assessment_layer","full gap","5","5.0","5","0","0.0","0.014994","0"
"GAP_PARTIAL_REGULATORY_GAP","gap_type","analytical_assessment_layer","partial regulatory gap","9","9.0","9","0","0.0","0.07894","0"
"GAP_COORDINATION_GAP","gap_type","analytical_assessment_layer","coordination gap","2","2.0","2","0","0.0","0.031974","0"
"GAP_RIGHTS_SAFEGUARD_GAP","gap_type","analytical_assessment_layer","rights safeguard gap","6","6.0","6","0","0.0","0.028959","0"
"NO_MATCH_IDENTIFIED","domestic_provision","domestic_legal_layer","NO_MATCH_IDENTIFIED","2","0.2","0","2","0.0","1e-06","0"
